source,target
to-do,BOTS
zapier,BOTS
polly,BOTS
jira-cloud,BOTS
hubot,BOTS
busybot,BOTS
meekan,BOTS
geekbot,BOTS
birthdaybot,BOTS
statsbot,BOTS
heytaco,BOTS
howdy,BOTS
mailclark,BOTS
memo,BOTS
growthbot,BOTS
growbot,BOTS
paperbot,BOTS
lunchtrain,BOTS
astrobot,BOTS
donut,BOTS
@must-read,BOTS
attendancebot,BOTS
workstreams,BOTS
hbr,BOTS
appfollow,BOTS
gamemonk,BOTS
expensetron,BOTS
forecast,BOTS
officeamp,BOTS
cloze,BOTS
stopbreathandthink,BOTS
meetingbot,BOTS
jira-integration+,BOTS
envoy,BOTS
nikabot,BOTS
workbot,BOTS
reveal,BOTS
jell,BOTS
conclude,BOTS
surveymonkey,BOTS
emojibot,BOTS
nikkei,BOTS
ace,BOTS
guru,BOTS
coinbot,BOTS
timebot,BOTS
niles,BOTS
pombo,BOTS
lighthouse,BOTS
a-cloud-guru-bot,A Cloud Guru Bot
solid,BOTS
spacetime,BOTS
yala,BOTS
swingmail,BOTS
proofme,BOTS
standupbot,BOTS
butter.ai,BOTS
zoom.ai,BOTS
lunchbob,BOTS
hp-print-bot,BOTS
standupjack,BOTS
sportbot,BOTS
digest.ai,BOTS
dbot,BOTS
integromat,BOTS
cexy,BOTS
glance,BOTS
arlie,BOTS
lurchr,BOTS
syncmusicbot,BOTS
talla,BOTS
any.do,BOTS
tatsu,BOTS
decisionbot,BOTS
ico-watchdog,BOTS
market,BOTS
neko,BOTS
reviewbot,BOTS
soapbox,BOTS
zenefits,BOTS
anonymous-bot,BOTS
vsts-bot,BOTS
duuoo,BOTS
flexbot,BOTS
metacert,BOTS
atomist,BOTS
cryptocheck,BOTS
push-for-slack,BOTS
training-by-talla,BOTS
dailyupdates,BOTS
yellowant,BOTS
freework,BOTS
anamakbot,BOTS
pegg,BOTS
agora,BOTS
scorebot,BOTS
a;,BOTS
marbot,BOTS
your.md,BOTS
hiohmy,BOTS
sudo,BOTS
ssh-client-bot,BOTS
healthybot,BOTS
janitr,BOTS
lunchbot,BOTS
beepboop,BOTS
findo,BOTS
pushmetrics,BOTS
koyfin,BOTS
engazify,BOTS
gratify,BOTS
runbot,BOTS
fireflies.ai,BOTS
alertsy,BOTS
words,BOTS
abot,BOTS
revere,BOTS
autocompete,BOTS
plato,BOTS
ringcentral,BOTS
slinky,BOTS
grasp,BOTS
turbot,BOTS
brandfolder,BOTS
slido,BOTS
highly,BOTS
limibot,BOTS
aloha,BOTS
cricketbot,BOTS
pixibot,BOTS
quantbot,BOTS
recruiterbox,BOTS
dailybot,BOTS
mosaic,BOTS
influencerbot,BOTS
repoinfo,BOTS
amp,BOTS
spectr,BOTS
twine,BOTS
moodz,BOTS
zanie,BOTS
papio,BOTS
lametric,BOTS
scrumbot,BOTS
pep,BOTS
bubbleiq,BOTS
tonkean,BOTS
numi,BOTS
pmbot,BOTS
sumbot,BOTS
saucelabs,BOTS
lydiabot,BOTS
senders,BOTS
welcomebot,BOTS
dockbit,BOTS
goodripple,BOTS
slash-nom,BOTS
scrunch-bot,BOTS
thrillist,BOTS
advobot,BOTS
cently,BOTS
firebot,BOTS
raiya,BOTS
ahoy.ai,BOTS
ask-adobe-analytics,BOTS
opteo-bot,BOTS
nomnom,BOTS
liarsdice,BOTS
freee,BOTS
dominos,BOTS
sendpulse,BOTS
reactionbot,BOTS
cstar,BOTS
opbot,BOTS
project-insight,BOTS
salesbot,BOTS
gupshupproxybot,BOTS
designernewsbot,BOTS
moji,BOTS
kronostimezoner,BOTS
maisie,BOTS
advocately,BOTS
double-loop,BOTS
luna,BOTS
katella,BOTS
alias,BOTS
memogif,BOTS
yogi,BOTS
misheardgif,BOTS
advisormary,BOTS
bracketbot,BOTS
buccketbot,BOTS
beeminder,BOTS
teampay,BOTS
botengine,BOTS
nearminderbot,BOTS
zoe,BOTS
hyphen,BOTS
janis,BOTS
cakehr,BOTS
picaticevent,BOTS
echobot,BOTS
healthherobot,BOTS
exopm,BOTS
protobot,BOTS
alterra,BOTS
supportboard,BOTS
bitebot,BOTS
lawgeex,BOTS
plop,BOTS
stratejos,BOTS
kelasa,BOTS
scoreboard,BOTS
instabot,BOTS
miserbot,BOTS
sisense,BOTS
zalster,BOTS
lucy-abbot,BOTS
shoppbot,BOTS
kweri,BOTS
dino,BOTS
henry,BOTS
davis,BOTS
suttna,BOTS
monoji,BOTS
erwin,BOTS
alertly,BOTS
avocado-culture,BOTS
talla,BOTS
tetherbot,BOTS
smartsam,BOTS
quiettime,BOTS
evabot,BOTS
kudos,BOTS
chief-on-boarding,BOTS
use-tact,BOTS
snoop,BOTS
salesmate,BOTS
sunnybot,BOTS
probot-ninja,BOTS
rocketbot,BOTS
durian-the-bot,BOTS
humbot,BOTS
chronicle,BOTS
allanswered,BOTS
colabot,BOTS
senseihub,BOTS
coment.io,BOTS
standup-stan,BOTS
metagon,BOTS
zerofox,BOTS
mink,BOTS
skysports,BOTS
revise-bot,BOTS
evie,BOTS
botba,BOTS
lyte,BOTS
taxbot,BOTS
paste2run,BOTS
drafted,BOTS
pagertree,BOTS
petebot,BOTS
sredbot,BOTS
formbot,BOTS
flowerbot,BOTS
askmyunclesam,BOTS
q,BOTS
ondmarc,BOTS
dumpthetrumps,BOTS
fortay,BOTS
ava,BOTS
ranktab,BOTS
foodslacking,BOTS
focus,BOTS
donewell,BOTS
pdf.center,BOTS
scrumgenius,BOTS
skygaze,BOTS
upraise,BOTS
patfinder,BOTS
onebar,BOTS
donatebot,BOTS
ednabot,BOTS
integryconnector,BOTS
lexi,BOTS
netskope,BOTS
valueadderbot,BOTS
vacationbot,BOTS
ahabot,BOTS
jupybot,BOTS
melbournetransport,BOTS
framestr,BOTS
hrpartnerbot,BOTS
larynxbot,BOTS
worldnetchatbot,BOTS
planbot,BOTS
howler,BOTS
tsabot,BOTS
ioffice,BOTS
eva,BOTS
botscout,BOTS
hevo,BOTS
actionable.me,BOTS
hackry,BOTS
carterelapelis,BOTS
dewey,BOTS
hn,BOTS
caretservice,BOTS
rorschachtest,BOTS
envoiced,BOTS
madad,BOTS
casee,BOTS
bxb,BOTS
bim360ops,BOTS

